PercentSalaryHike,AttritionRate,TotalEmployees
11,19.52381,210
12,16.66667,198
13,16.26794,209
14,11.94030,201
15,17.82178,101
16,17.94872,78
17,17.07317,82
18,14.60674,89
19,11.84211,76
20,12.72727,55
21,10.41667,48
22,21.42857,56
23,21.42857,28
24,28.57143,21
25,5.55556,18
