AgeGroup,WorkLifeBalance,AttritionRate,TotalEmployees
NULL,1,0.00000,1
NULL,2,100.00000,2
NULL,3,37.50000,8
NULL,4,83.33333,6
20-30,1,36.84211,19
20-30,2,25.25253,99
20-30,3,23.42342,222
20-30,4,20.68966,29
31-40,1,37.14286,35
31-40,2,13.07692,130
31-40,3,11.39896,386
31-40,4,16.17647,68
41-50,1,28.57143,14
41-50,2,8.57143,70
41-50,3,10.00000,200
41-50,4,10.52632,38
50+,1,9.09091,11
50+,2,18.60465,43
50+,3,10.38961,77
50+,4,8.33333,12
